scenario,target_hold,observed_hold_from_bets,payout_multiplier,achieved_hold,total_staked_usd,total_payout_usd,total_net_gain_loss_usd
low_hold,0.08062349257560139,0.1006234925756014,0.9805280908984174,0.08062349257560147,395354309.36985433,363479464.1436418,-31874845.226212565
base_hold,0.1006234925756014,0.1006234925756014,0.9591978071032543,0.10062349257560158,395354309.36985433,355572377.9562447,-39781931.41360963
high_hold,0.1206234925756014,0.1006234925756014,0.9378675233080912,0.12062349257560136,395354309.36985433,347665291.7688477,-47689017.601006694
