metric,low_hold,base_hold,high_hold,high_minus_low
mean_net_gain_loss_usd,-1062.494840873752,-1326.0643804536544,-1589.6339200335565,-527.1390791598044
p_loss_over_2000,0.1738666666666666,0.1829,0.1922666666666666,0.0184
p_loss_over_5000,0.1322,0.1401,0.1496666666666666,0.017466666666666575
