n_people,active_rate,mean_net_gain_loss_usd,median_net_gain_loss_usd,p_loss_over_500,p_loss_over_2000,p_loss_over_5000,total_net_gain_loss_usd,scenario
30000,0.3124,-1062.494840873752,0.0,0.1978,0.17386666666666667,0.1322,-31874845.226212565,low_hold
30000,0.3124,-1326.0643804536544,0.0,0.20693333333333333,0.1829,0.1401,-39781931.41360963,base_hold
30000,0.3124,-1589.6339200335565,0.0,0.21633333333333332,0.19226666666666667,0.14966666666666667,-47689017.601006694,high_hold
