subgroup,risk_tier,active_rate,mean_net_gain_loss_usd,p_loss_over_500,p_loss_over_2000,p_loss_over_5000
Male | 18-34 | B.A. or higher,high,0.5101675977653631,-2869.579046091871,0.3432402234636871,0.3237988826815642,0.2804469273743016
Male | 35-49 | B.A. or higher,high,0.4761484098939929,-2273.3201360593453,0.3189045936395759,0.3014575971731448,0.2546378091872791
Male | 18-34 | No college,high,0.3968171145316984,-1864.934644452445,0.2627184972606313,0.2439342551526219,0.2055830941821028
Male | 35-49 | No college,high,0.3740537718611328,-1574.7130528876737,0.2461498303315061,0.2299660663012268,0.1939441399112503
Female | 18-34 | B.A. or higher,medium,0.2115891132572432,-343.0275029205811,0.1422300263388937,0.102721685689201,0.0250219490781387
